{
  "inventory": {
    "salt": [
      [
        2,
        1
      ],
      [
        3,
        1
      ],
      [
        2,
        1
      ]
    ],
    "fish": [
      [
        0,
        1
      ],
      [
        1,
        1
      ],
      [
        3,
        1
      ]
    ],
    "boar": []
  },
  "balances": {
    "3": 84.60000000000001,
    "2": 27.0,
    "1": 49.50000000000001,
    "0": 57.60000000000001
  }
}