{
  "inventory": {
    "salt": [
      [
        3,
        1
      ],
      [
        2,
        1
      ],
      [
        5,
        1
      ],
      [
        3,
        1
      ]
    ],
    "fish": [],
    "boar": []
  },
  "balances": {
    "2": 200.69999999999993,
    "3": 223.19999999999993,
    "4": 110.7,
    "5": 108.0
  }
}